{"cameraMode":{"drawMode":31,"name":"Sprite Mask","section":"Miscellaneous"},"sceneLighting":true,"audioPlay":false,"sceneViewState":{"m_AlwaysRefresh":false,"showFog":true,"showSkybox":true,"showFlares":true,"showImageEffects":true,"showParticleSystems":true,"showVisualEffectGraphs":true,"m_FxEnabled":true},"in2DMode":false,"pivot":{"x":-21.524791717529298,"y":20.575178146362306,"z":-23.34453582763672},"rotation":{"x":0.042852092534303668,"y":0.3237108588218689,"z":-0.014674217440187931,"w":0.9450899362564087},"size":2.2121028900146486,"orthographic":false}