{"cameraMode":{"drawMode":31,"name":"Sprite Mask","section":"Miscellaneous"},"sceneLighting":false,"audioPlay":false,"sceneViewState":{"m_AlwaysRefresh":false,"showFog":true,"showSkybox":false,"showFlares":true,"showImageEffects":true,"showParticleSystems":true,"showVisualEffectGraphs":true,"m_FxEnabled":true},"in2DMode":false,"pivot":{"x":19.206613540649415,"y":25.43821907043457,"z":-0.29824575781822207},"rotation":{"x":0.14065276086330415,"y":0.06510744243860245,"z":-0.00783827155828476,"w":0.9880685806274414},"size":0.8660253882408142,"orthographic":false}