{"cameraMode":{"drawMode":31,"name":"Sprite Mask","section":"Miscellaneous"},"sceneLighting":false,"audioPlay":false,"sceneViewState":{"m_AlwaysRefresh":false,"showFog":true,"showSkybox":false,"showFlares":true,"showImageEffects":true,"showParticleSystems":true,"showVisualEffectGraphs":true,"m_FxEnabled":true},"in2DMode":false,"pivot":{"x":-15.589737892150879,"y":13.461014747619629,"z":-25.954402923583986},"rotation":{"x":0.16456009447574616,"y":0.016211112961173059,"z":-0.002602433552965522,"w":0.9863811135292053},"size":1.1695044040679932,"orthographic":false}