{"cameraMode":{"drawMode":31,"name":"Sprite Mask","section":"Miscellaneous"},"sceneLighting":true,"audioPlay":false,"sceneViewState":{"m_AlwaysRefresh":false,"showFog":true,"showSkybox":true,"showFlares":true,"showImageEffects":true,"showParticleSystems":true,"showVisualEffectGraphs":true,"m_FxEnabled":true},"in2DMode":false,"pivot":{"x":-5.0184736251831059,"y":2.6795830726623537,"z":8.691113471984864},"rotation":{"x":-0.030293794348835946,"y":0.9511699080467224,"z":-0.09909749776124954,"w":-0.2907954752445221},"size":1.2247449159622193,"orthographic":false}